crawl_date,index_url,tags,image_urls,title,image_counts,hotness,pub_date
2017年08月22日 00:22:44,http://www.mmjpg.com/mm/1081,,"http://www.mmjpg.com/mm/1081/1,http://www.mmjpg.com/mm/1081/2,http://www.mmjpg.com/mm/1081/3,http://www.mmjpg.com/mm/1081/4,http://www.mmjpg.com/mm/1081/5,http://www.mmjpg.com/mm/1081/6,http://www.mmjpg.com/mm/1081/7,http://www.mmjpg.com/mm/1081/8,http://www.mmjpg.com/mm/1081/9,http://www.mmjpg.com/mm/1081/10,http://www.mmjpg.com/mm/1081/11,http://www.mmjpg.com/mm/1081/12,http://www.mmjpg.com/mm/1081/13,http://www.mmjpg.com/mm/1081/14,http://www.mmjpg.com/mm/1081/15,http://www.mmjpg.com/mm/1081/16,http://www.mmjpg.com/mm/1081/17,http://www.mmjpg.com/mm/1081/18,http://www.mmjpg.com/mm/1081/19,http://www.mmjpg.com/mm/1081/20,http://www.mmjpg.com/mm/1081/21,http://www.mmjpg.com/mm/1081/22,http://www.mmjpg.com/mm/1081/23,http://www.mmjpg.com/mm/1081/24,http://www.mmjpg.com/mm/1081/25,http://www.mmjpg.com/mm/1081/26,http://www.mmjpg.com/mm/1081/27,http://www.mmjpg.com/mm/1081/28,http://www.mmjpg.com/mm/1081/29,http://www.mmjpg.com/mm/1081/30,http://www.mmjpg.com/mm/1081/31,http://www.mmjpg.com/mm/1081/32,http://www.mmjpg.com/mm/1081/33,http://www.mmjpg.com/mm/1081/34,http://www.mmjpg.com/mm/1081/35,http://www.mmjpg.com/mm/1081/36,http://www.mmjpg.com/mm/1081/37,http://www.mmjpg.com/mm/1081/38,http://www.mmjpg.com/mm/1081/39,http://www.mmjpg.com/mm/1081/40,http://www.mmjpg.com/mm/1081/41,http://www.mmjpg.com/mm/1081/42,http://www.mmjpg.com/mm/1081/43,http://www.mmjpg.com/mm/1081/44,http://www.mmjpg.com/mm/1081/45,http://www.mmjpg.com/mm/1081/46,http://www.mmjpg.com/mm/1081/47,http://www.mmjpg.com/mm/1081/48,http://www.mmjpg.com/mm/1081/49,http://www.mmjpg.com/mm/1081/50",大胸妹子孟思雨是宅男梦寐以求的女神,50,1168322,2017年08月19日
2017年08月22日 00:22:44,http://www.mmjpg.com/mm/1083,,"http://www.mmjpg.com/mm/1083/1,http://www.mmjpg.com/mm/1083/2,http://www.mmjpg.com/mm/1083/3,http://www.mmjpg.com/mm/1083/4,http://www.mmjpg.com/mm/1083/5,http://www.mmjpg.com/mm/1083/6,http://www.mmjpg.com/mm/1083/7,http://www.mmjpg.com/mm/1083/8,http://www.mmjpg.com/mm/1083/9,http://www.mmjpg.com/mm/1083/10,http://www.mmjpg.com/mm/1083/11,http://www.mmjpg.com/mm/1083/12,http://www.mmjpg.com/mm/1083/13,http://www.mmjpg.com/mm/1083/14,http://www.mmjpg.com/mm/1083/15,http://www.mmjpg.com/mm/1083/16,http://www.mmjpg.com/mm/1083/17,http://www.mmjpg.com/mm/1083/18,http://www.mmjpg.com/mm/1083/19,http://www.mmjpg.com/mm/1083/20,http://www.mmjpg.com/mm/1083/21,http://www.mmjpg.com/mm/1083/22,http://www.mmjpg.com/mm/1083/23,http://www.mmjpg.com/mm/1083/24,http://www.mmjpg.com/mm/1083/25,http://www.mmjpg.com/mm/1083/26,http://www.mmjpg.com/mm/1083/27,http://www.mmjpg.com/mm/1083/28,http://www.mmjpg.com/mm/1083/29,http://www.mmjpg.com/mm/1083/30,http://www.mmjpg.com/mm/1083/31,http://www.mmjpg.com/mm/1083/32,http://www.mmjpg.com/mm/1083/33,http://www.mmjpg.com/mm/1083/34,http://www.mmjpg.com/mm/1083/35,http://www.mmjpg.com/mm/1083/36,http://www.mmjpg.com/mm/1083/37,http://www.mmjpg.com/mm/1083/38,http://www.mmjpg.com/mm/1083/39,http://www.mmjpg.com/mm/1083/40,http://www.mmjpg.com/mm/1083/41",性感女神龚玥菲豪乳配上黑丝肉感十足,41,291931,2017年08月21日
2017年08月22日 00:22:44,http://www.mmjpg.com/mm/1075,,"http://www.mmjpg.com/mm/1075/1,http://www.mmjpg.com/mm/1075/2,http://www.mmjpg.com/mm/1075/3,http://www.mmjpg.com/mm/1075/4,http://www.mmjpg.com/mm/1075/5,http://www.mmjpg.com/mm/1075/6,http://www.mmjpg.com/mm/1075/7,http://www.mmjpg.com/mm/1075/8,http://www.mmjpg.com/mm/1075/9,http://www.mmjpg.com/mm/1075/10,http://www.mmjpg.com/mm/1075/11,http://www.mmjpg.com/mm/1075/12,http://www.mmjpg.com/mm/1075/13,http://www.mmjpg.com/mm/1075/14,http://www.mmjpg.com/mm/1075/15,http://www.mmjpg.com/mm/1075/16,http://www.mmjpg.com/mm/1075/17,http://www.mmjpg.com/mm/1075/18,http://www.mmjpg.com/mm/1075/19,http://www.mmjpg.com/mm/1075/20,http://www.mmjpg.com/mm/1075/21,http://www.mmjpg.com/mm/1075/22,http://www.mmjpg.com/mm/1075/23,http://www.mmjpg.com/mm/1075/24,http://www.mmjpg.com/mm/1075/25,http://www.mmjpg.com/mm/1075/26,http://www.mmjpg.com/mm/1075/27,http://www.mmjpg.com/mm/1075/28,http://www.mmjpg.com/mm/1075/29,http://www.mmjpg.com/mm/1075/30,http://www.mmjpg.com/mm/1075/31,http://www.mmjpg.com/mm/1075/32,http://www.mmjpg.com/mm/1075/33,http://www.mmjpg.com/mm/1075/34,http://www.mmjpg.com/mm/1075/35,http://www.mmjpg.com/mm/1075/36,http://www.mmjpg.com/mm/1075/37,http://www.mmjpg.com/mm/1075/38,http://www.mmjpg.com/mm/1075/39,http://www.mmjpg.com/mm/1075/40,http://www.mmjpg.com/mm/1075/41",极品清新软妹子美腿巨乳性感恰到好处,41,1980567,2017年08月13日
2017年08月22日 00:22:44,http://www.mmjpg.com/mm/1082,,"http://www.mmjpg.com/mm/1082/1,http://www.mmjpg.com/mm/1082/2,http://www.mmjpg.com/mm/1082/3,http://www.mmjpg.com/mm/1082/4,http://www.mmjpg.com/mm/1082/5,http://www.mmjpg.com/mm/1082/6,http://www.mmjpg.com/mm/1082/7,http://www.mmjpg.com/mm/1082/8,http://www.mmjpg.com/mm/1082/9,http://www.mmjpg.com/mm/1082/10,http://www.mmjpg.com/mm/1082/11,http://www.mmjpg.com/mm/1082/12,http://www.mmjpg.com/mm/1082/13,http://www.mmjpg.com/mm/1082/14,http://www.mmjpg.com/mm/1082/15,http://www.mmjpg.com/mm/1082/16,http://www.mmjpg.com/mm/1082/17,http://www.mmjpg.com/mm/1082/18,http://www.mmjpg.com/mm/1082/19,http://www.mmjpg.com/mm/1082/20,http://www.mmjpg.com/mm/1082/21,http://www.mmjpg.com/mm/1082/22,http://www.mmjpg.com/mm/1082/23,http://www.mmjpg.com/mm/1082/24,http://www.mmjpg.com/mm/1082/25,http://www.mmjpg.com/mm/1082/26,http://www.mmjpg.com/mm/1082/27,http://www.mmjpg.com/mm/1082/28,http://www.mmjpg.com/mm/1082/29,http://www.mmjpg.com/mm/1082/30,http://www.mmjpg.com/mm/1082/31,http://www.mmjpg.com/mm/1082/32,http://www.mmjpg.com/mm/1082/33,http://www.mmjpg.com/mm/1082/34,http://www.mmjpg.com/mm/1082/35,http://www.mmjpg.com/mm/1082/36,http://www.mmjpg.com/mm/1082/37,http://www.mmjpg.com/mm/1082/38,http://www.mmjpg.com/mm/1082/39,http://www.mmjpg.com/mm/1082/40,http://www.mmjpg.com/mm/1082/41,http://www.mmjpg.com/mm/1082/42,http://www.mmjpg.com/mm/1082/43,http://www.mmjpg.com/mm/1082/44",高颜值巨乳丰臀模特梦溪私房写真图片,44,796864,2017年08月20日
2017年08月22日 00:22:44,http://www.mmjpg.com/mm/1072,,"http://www.mmjpg.com/mm/1072/1,http://www.mmjpg.com/mm/1072/2,http://www.mmjpg.com/mm/1072/3,http://www.mmjpg.com/mm/1072/4,http://www.mmjpg.com/mm/1072/5,http://www.mmjpg.com/mm/1072/6,http://www.mmjpg.com/mm/1072/7,http://www.mmjpg.com/mm/1072/8,http://www.mmjpg.com/mm/1072/9,http://www.mmjpg.com/mm/1072/10,http://www.mmjpg.com/mm/1072/11,http://www.mmjpg.com/mm/1072/12,http://www.mmjpg.com/mm/1072/13,http://www.mmjpg.com/mm/1072/14,http://www.mmjpg.com/mm/1072/15,http://www.mmjpg.com/mm/1072/16,http://www.mmjpg.com/mm/1072/17,http://www.mmjpg.com/mm/1072/18,http://www.mmjpg.com/mm/1072/19,http://www.mmjpg.com/mm/1072/20,http://www.mmjpg.com/mm/1072/21,http://www.mmjpg.com/mm/1072/22,http://www.mmjpg.com/mm/1072/23,http://www.mmjpg.com/mm/1072/24,http://www.mmjpg.com/mm/1072/25,http://www.mmjpg.com/mm/1072/26,http://www.mmjpg.com/mm/1072/27,http://www.mmjpg.com/mm/1072/28,http://www.mmjpg.com/mm/1072/29,http://www.mmjpg.com/mm/1072/30,http://www.mmjpg.com/mm/1072/31,http://www.mmjpg.com/mm/1072/32,http://www.mmjpg.com/mm/1072/33,http://www.mmjpg.com/mm/1072/34,http://www.mmjpg.com/mm/1072/35,http://www.mmjpg.com/mm/1072/36,http://www.mmjpg.com/mm/1072/37,http://www.mmjpg.com/mm/1072/38,http://www.mmjpg.com/mm/1072/39",千娇百媚的迷人小妖精李梓熙性感写真,39,1885148,2017年08月10日
2017年08月22日 00:22:44,http://www.mmjpg.com/mm/1071,,"http://www.mmjpg.com/mm/1071/1,http://www.mmjpg.com/mm/1071/2,http://www.mmjpg.com/mm/1071/3,http://www.mmjpg.com/mm/1071/4,http://www.mmjpg.com/mm/1071/5,http://www.mmjpg.com/mm/1071/6,http://www.mmjpg.com/mm/1071/7,http://www.mmjpg.com/mm/1071/8,http://www.mmjpg.com/mm/1071/9,http://www.mmjpg.com/mm/1071/10,http://www.mmjpg.com/mm/1071/11,http://www.mmjpg.com/mm/1071/12,http://www.mmjpg.com/mm/1071/13,http://www.mmjpg.com/mm/1071/14,http://www.mmjpg.com/mm/1071/15,http://www.mmjpg.com/mm/1071/16,http://www.mmjpg.com/mm/1071/17,http://www.mmjpg.com/mm/1071/18,http://www.mmjpg.com/mm/1071/19,http://www.mmjpg.com/mm/1071/20,http://www.mmjpg.com/mm/1071/21,http://www.mmjpg.com/mm/1071/22,http://www.mmjpg.com/mm/1071/23,http://www.mmjpg.com/mm/1071/24,http://www.mmjpg.com/mm/1071/25,http://www.mmjpg.com/mm/1071/26,http://www.mmjpg.com/mm/1071/27,http://www.mmjpg.com/mm/1071/28,http://www.mmjpg.com/mm/1071/29,http://www.mmjpg.com/mm/1071/30,http://www.mmjpg.com/mm/1071/31,http://www.mmjpg.com/mm/1071/32,http://www.mmjpg.com/mm/1071/33,http://www.mmjpg.com/mm/1071/34,http://www.mmjpg.com/mm/1071/35,http://www.mmjpg.com/mm/1071/36,http://www.mmjpg.com/mm/1071/37,http://www.mmjpg.com/mm/1071/38,http://www.mmjpg.com/mm/1071/39,http://www.mmjpg.com/mm/1071/40,http://www.mmjpg.com/mm/1071/41",甜美大胸妹子蜜柚裸背翘臀纯到喷鼻血,41,2090265,2017年08月09日
2017年08月22日 00:22:44,http://www.mmjpg.com/mm/1073,,"http://www.mmjpg.com/mm/1073/1,http://www.mmjpg.com/mm/1073/2,http://www.mmjpg.com/mm/1073/3,http://www.mmjpg.com/mm/1073/4,http://www.mmjpg.com/mm/1073/5,http://www.mmjpg.com/mm/1073/6,http://www.mmjpg.com/mm/1073/7,http://www.mmjpg.com/mm/1073/8,http://www.mmjpg.com/mm/1073/9,http://www.mmjpg.com/mm/1073/10,http://www.mmjpg.com/mm/1073/11,http://www.mmjpg.com/mm/1073/12,http://www.mmjpg.com/mm/1073/13,http://www.mmjpg.com/mm/1073/14,http://www.mmjpg.com/mm/1073/15,http://www.mmjpg.com/mm/1073/16,http://www.mmjpg.com/mm/1073/17,http://www.mmjpg.com/mm/1073/18,http://www.mmjpg.com/mm/1073/19,http://www.mmjpg.com/mm/1073/20,http://www.mmjpg.com/mm/1073/21,http://www.mmjpg.com/mm/1073/22,http://www.mmjpg.com/mm/1073/23,http://www.mmjpg.com/mm/1073/24,http://www.mmjpg.com/mm/1073/25,http://www.mmjpg.com/mm/1073/26,http://www.mmjpg.com/mm/1073/27,http://www.mmjpg.com/mm/1073/28,http://www.mmjpg.com/mm/1073/29,http://www.mmjpg.com/mm/1073/30,http://www.mmjpg.com/mm/1073/31,http://www.mmjpg.com/mm/1073/32,http://www.mmjpg.com/mm/1073/33,http://www.mmjpg.com/mm/1073/34,http://www.mmjpg.com/mm/1073/35,http://www.mmjpg.com/mm/1073/36,http://www.mmjpg.com/mm/1073/37,http://www.mmjpg.com/mm/1073/38,http://www.mmjpg.com/mm/1073/39,http://www.mmjpg.com/mm/1073/40,http://www.mmjpg.com/mm/1073/41",爆乳露出!沈梦瑶双手难遮巨乳欲遮还羞,41,2552316,2017年08月11日
2017年08月22日 00:22:44,http://www.mmjpg.com/mm/1074,,"http://www.mmjpg.com/mm/1074/1,http://www.mmjpg.com/mm/1074/2,http://www.mmjpg.com/mm/1074/3,http://www.mmjpg.com/mm/1074/4,http://www.mmjpg.com/mm/1074/5,http://www.mmjpg.com/mm/1074/6,http://www.mmjpg.com/mm/1074/7,http://www.mmjpg.com/mm/1074/8,http://www.mmjpg.com/mm/1074/9,http://www.mmjpg.com/mm/1074/10,http://www.mmjpg.com/mm/1074/11,http://www.mmjpg.com/mm/1074/12,http://www.mmjpg.com/mm/1074/13,http://www.mmjpg.com/mm/1074/14,http://www.mmjpg.com/mm/1074/15,http://www.mmjpg.com/mm/1074/16,http://www.mmjpg.com/mm/1074/17,http://www.mmjpg.com/mm/1074/18,http://www.mmjpg.com/mm/1074/19,http://www.mmjpg.com/mm/1074/20,http://www.mmjpg.com/mm/1074/21,http://www.mmjpg.com/mm/1074/22,http://www.mmjpg.com/mm/1074/23,http://www.mmjpg.com/mm/1074/24,http://www.mmjpg.com/mm/1074/25,http://www.mmjpg.com/mm/1074/26,http://www.mmjpg.com/mm/1074/27,http://www.mmjpg.com/mm/1074/28,http://www.mmjpg.com/mm/1074/29,http://www.mmjpg.com/mm/1074/30,http://www.mmjpg.com/mm/1074/31,http://www.mmjpg.com/mm/1074/32,http://www.mmjpg.com/mm/1074/33,http://www.mmjpg.com/mm/1074/34,http://www.mmjpg.com/mm/1074/35,http://www.mmjpg.com/mm/1074/36,http://www.mmjpg.com/mm/1074/37,http://www.mmjpg.com/mm/1074/38,http://www.mmjpg.com/mm/1074/39,http://www.mmjpg.com/mm/1074/40,http://www.mmjpg.com/mm/1074/41,http://www.mmjpg.com/mm/1074/42",性感女仆韩恩熙傲人美胸让人欲罢不能,42,1781085,2017年08月12日
2017年08月22日 00:22:44,http://www.mmjpg.com/mm/1070,,"http://www.mmjpg.com/mm/1070/1,http://www.mmjpg.com/mm/1070/2,http://www.mmjpg.com/mm/1070/3,http://www.mmjpg.com/mm/1070/4,http://www.mmjpg.com/mm/1070/5,http://www.mmjpg.com/mm/1070/6,http://www.mmjpg.com/mm/1070/7,http://www.mmjpg.com/mm/1070/8,http://www.mmjpg.com/mm/1070/9,http://www.mmjpg.com/mm/1070/10,http://www.mmjpg.com/mm/1070/11,http://www.mmjpg.com/mm/1070/12,http://www.mmjpg.com/mm/1070/13,http://www.mmjpg.com/mm/1070/14,http://www.mmjpg.com/mm/1070/15,http://www.mmjpg.com/mm/1070/16,http://www.mmjpg.com/mm/1070/17,http://www.mmjpg.com/mm/1070/18,http://www.mmjpg.com/mm/1070/19,http://www.mmjpg.com/mm/1070/20,http://www.mmjpg.com/mm/1070/21,http://www.mmjpg.com/mm/1070/22,http://www.mmjpg.com/mm/1070/23,http://www.mmjpg.com/mm/1070/24,http://www.mmjpg.com/mm/1070/25,http://www.mmjpg.com/mm/1070/26,http://www.mmjpg.com/mm/1070/27,http://www.mmjpg.com/mm/1070/28,http://www.mmjpg.com/mm/1070/29,http://www.mmjpg.com/mm/1070/30,http://www.mmjpg.com/mm/1070/31,http://www.mmjpg.com/mm/1070/32,http://www.mmjpg.com/mm/1070/33,http://www.mmjpg.com/mm/1070/34,http://www.mmjpg.com/mm/1070/35,http://www.mmjpg.com/mm/1070/36,http://www.mmjpg.com/mm/1070/37,http://www.mmjpg.com/mm/1070/38,http://www.mmjpg.com/mm/1070/39,http://www.mmjpg.com/mm/1070/40",甜美粉嫩主播芷儿身材纤细且上围丰满,40,2041496,2017年08月08日
2017年08月22日 00:22:44,http://www.mmjpg.com/mm/1076,,"http://www.mmjpg.com/mm/1076/1,http://www.mmjpg.com/mm/1076/2,http://www.mmjpg.com/mm/1076/3,http://www.mmjpg.com/mm/1076/4,http://www.mmjpg.com/mm/1076/5,http://www.mmjpg.com/mm/1076/6,http://www.mmjpg.com/mm/1076/7,http://www.mmjpg.com/mm/1076/8,http://www.mmjpg.com/mm/1076/9,http://www.mmjpg.com/mm/1076/10,http://www.mmjpg.com/mm/1076/11,http://www.mmjpg.com/mm/1076/12,http://www.mmjpg.com/mm/1076/13,http://www.mmjpg.com/mm/1076/14,http://www.mmjpg.com/mm/1076/15,http://www.mmjpg.com/mm/1076/16,http://www.mmjpg.com/mm/1076/17,http://www.mmjpg.com/mm/1076/18,http://www.mmjpg.com/mm/1076/19,http://www.mmjpg.com/mm/1076/20,http://www.mmjpg.com/mm/1076/21,http://www.mmjpg.com/mm/1076/22,http://www.mmjpg.com/mm/1076/23,http://www.mmjpg.com/mm/1076/24,http://www.mmjpg.com/mm/1076/25,http://www.mmjpg.com/mm/1076/26,http://www.mmjpg.com/mm/1076/27,http://www.mmjpg.com/mm/1076/28,http://www.mmjpg.com/mm/1076/29,http://www.mmjpg.com/mm/1076/30,http://www.mmjpg.com/mm/1076/31,http://www.mmjpg.com/mm/1076/32,http://www.mmjpg.com/mm/1076/33,http://www.mmjpg.com/mm/1076/34,http://www.mmjpg.com/mm/1076/35,http://www.mmjpg.com/mm/1076/36,http://www.mmjpg.com/mm/1076/37,http://www.mmjpg.com/mm/1076/38,http://www.mmjpg.com/mm/1076/39,http://www.mmjpg.com/mm/1076/40,http://www.mmjpg.com/mm/1076/41,http://www.mmjpg.com/mm/1076/42,http://www.mmjpg.com/mm/1076/43,http://www.mmjpg.com/mm/1076/44,http://www.mmjpg.com/mm/1076/45",妩媚美女穆菲菲胀鼓鼓的豪乳蚀骨销魂,45,1591795,2017年08月14日
2017年08月22日 00:22:44,http://www.mmjpg.com/mm/1077,,"http://www.mmjpg.com/mm/1077/1,http://www.mmjpg.com/mm/1077/2,http://www.mmjpg.com/mm/1077/3,http://www.mmjpg.com/mm/1077/4,http://www.mmjpg.com/mm/1077/5,http://www.mmjpg.com/mm/1077/6,http://www.mmjpg.com/mm/1077/7,http://www.mmjpg.com/mm/1077/8,http://www.mmjpg.com/mm/1077/9,http://www.mmjpg.com/mm/1077/10,http://www.mmjpg.com/mm/1077/11,http://www.mmjpg.com/mm/1077/12,http://www.mmjpg.com/mm/1077/13,http://www.mmjpg.com/mm/1077/14,http://www.mmjpg.com/mm/1077/15,http://www.mmjpg.com/mm/1077/16,http://www.mmjpg.com/mm/1077/17,http://www.mmjpg.com/mm/1077/18,http://www.mmjpg.com/mm/1077/19,http://www.mmjpg.com/mm/1077/20,http://www.mmjpg.com/mm/1077/21,http://www.mmjpg.com/mm/1077/22,http://www.mmjpg.com/mm/1077/23,http://www.mmjpg.com/mm/1077/24,http://www.mmjpg.com/mm/1077/25,http://www.mmjpg.com/mm/1077/26,http://www.mmjpg.com/mm/1077/27,http://www.mmjpg.com/mm/1077/28,http://www.mmjpg.com/mm/1077/29,http://www.mmjpg.com/mm/1077/30,http://www.mmjpg.com/mm/1077/31,http://www.mmjpg.com/mm/1077/32,http://www.mmjpg.com/mm/1077/33,http://www.mmjpg.com/mm/1077/34,http://www.mmjpg.com/mm/1077/35,http://www.mmjpg.com/mm/1077/36,http://www.mmjpg.com/mm/1077/37,http://www.mmjpg.com/mm/1077/38,http://www.mmjpg.com/mm/1077/39,http://www.mmjpg.com/mm/1077/40,http://www.mmjpg.com/mm/1077/41",性感女神陈雅漫情趣内衣写真香艳欲滴,41,2681318,2017年08月15日
2017年08月22日 00:22:44,http://www.mmjpg.com/mm/1078,,"http://www.mmjpg.com/mm/1078/1,http://www.mmjpg.com/mm/1078/2,http://www.mmjpg.com/mm/1078/3,http://www.mmjpg.com/mm/1078/4,http://www.mmjpg.com/mm/1078/5,http://www.mmjpg.com/mm/1078/6,http://www.mmjpg.com/mm/1078/7,http://www.mmjpg.com/mm/1078/8,http://www.mmjpg.com/mm/1078/9,http://www.mmjpg.com/mm/1078/10,http://www.mmjpg.com/mm/1078/11,http://www.mmjpg.com/mm/1078/12,http://www.mmjpg.com/mm/1078/13,http://www.mmjpg.com/mm/1078/14,http://www.mmjpg.com/mm/1078/15,http://www.mmjpg.com/mm/1078/16,http://www.mmjpg.com/mm/1078/17,http://www.mmjpg.com/mm/1078/18,http://www.mmjpg.com/mm/1078/19,http://www.mmjpg.com/mm/1078/20,http://www.mmjpg.com/mm/1078/21,http://www.mmjpg.com/mm/1078/22,http://www.mmjpg.com/mm/1078/23,http://www.mmjpg.com/mm/1078/24,http://www.mmjpg.com/mm/1078/25,http://www.mmjpg.com/mm/1078/26,http://www.mmjpg.com/mm/1078/27,http://www.mmjpg.com/mm/1078/28,http://www.mmjpg.com/mm/1078/29,http://www.mmjpg.com/mm/1078/30,http://www.mmjpg.com/mm/1078/31,http://www.mmjpg.com/mm/1078/32,http://www.mmjpg.com/mm/1078/33,http://www.mmjpg.com/mm/1078/34,http://www.mmjpg.com/mm/1078/35,http://www.mmjpg.com/mm/1078/36,http://www.mmjpg.com/mm/1078/37,http://www.mmjpg.com/mm/1078/38,http://www.mmjpg.com/mm/1078/39,http://www.mmjpg.com/mm/1078/40,http://www.mmjpg.com/mm/1078/41,http://www.mmjpg.com/mm/1078/42,http://www.mmjpg.com/mm/1078/43",豪乳妹子陈秋雨半透情趣内衣写真美图,43,1391199,2017年08月16日
2017年08月22日 00:22:44,http://www.mmjpg.com/mm/1069,,"http://www.mmjpg.com/mm/1069/1,http://www.mmjpg.com/mm/1069/2,http://www.mmjpg.com/mm/1069/3,http://www.mmjpg.com/mm/1069/4,http://www.mmjpg.com/mm/1069/5,http://www.mmjpg.com/mm/1069/6,http://www.mmjpg.com/mm/1069/7,http://www.mmjpg.com/mm/1069/8,http://www.mmjpg.com/mm/1069/9,http://www.mmjpg.com/mm/1069/10,http://www.mmjpg.com/mm/1069/11,http://www.mmjpg.com/mm/1069/12,http://www.mmjpg.com/mm/1069/13,http://www.mmjpg.com/mm/1069/14,http://www.mmjpg.com/mm/1069/15,http://www.mmjpg.com/mm/1069/16,http://www.mmjpg.com/mm/1069/17,http://www.mmjpg.com/mm/1069/18,http://www.mmjpg.com/mm/1069/19,http://www.mmjpg.com/mm/1069/20,http://www.mmjpg.com/mm/1069/21,http://www.mmjpg.com/mm/1069/22,http://www.mmjpg.com/mm/1069/23,http://www.mmjpg.com/mm/1069/24,http://www.mmjpg.com/mm/1069/25,http://www.mmjpg.com/mm/1069/26,http://www.mmjpg.com/mm/1069/27,http://www.mmjpg.com/mm/1069/28,http://www.mmjpg.com/mm/1069/29,http://www.mmjpg.com/mm/1069/30,http://www.mmjpg.com/mm/1069/31,http://www.mmjpg.com/mm/1069/32,http://www.mmjpg.com/mm/1069/33,http://www.mmjpg.com/mm/1069/34,http://www.mmjpg.com/mm/1069/35,http://www.mmjpg.com/mm/1069/36,http://www.mmjpg.com/mm/1069/37,http://www.mmjpg.com/mm/1069/38,http://www.mmjpg.com/mm/1069/39,http://www.mmjpg.com/mm/1069/40,http://www.mmjpg.com/mm/1069/41,http://www.mmjpg.com/mm/1069/42,http://www.mmjpg.com/mm/1069/43",美女陈秋雨销魂美胸图燃起欲望的火花,43,1954491,2017年08月07日
2017年08月22日 00:22:44,http://www.mmjpg.com/mm/1079,,"http://www.mmjpg.com/mm/1079/1,http://www.mmjpg.com/mm/1079/2,http://www.mmjpg.com/mm/1079/3,http://www.mmjpg.com/mm/1079/4,http://www.mmjpg.com/mm/1079/5,http://www.mmjpg.com/mm/1079/6,http://www.mmjpg.com/mm/1079/7,http://www.mmjpg.com/mm/1079/8,http://www.mmjpg.com/mm/1079/9,http://www.mmjpg.com/mm/1079/10,http://www.mmjpg.com/mm/1079/11,http://www.mmjpg.com/mm/1079/12,http://www.mmjpg.com/mm/1079/13,http://www.mmjpg.com/mm/1079/14,http://www.mmjpg.com/mm/1079/15,http://www.mmjpg.com/mm/1079/16,http://www.mmjpg.com/mm/1079/17,http://www.mmjpg.com/mm/1079/18,http://www.mmjpg.com/mm/1079/19,http://www.mmjpg.com/mm/1079/20,http://www.mmjpg.com/mm/1079/21,http://www.mmjpg.com/mm/1079/22,http://www.mmjpg.com/mm/1079/23,http://www.mmjpg.com/mm/1079/24,http://www.mmjpg.com/mm/1079/25,http://www.mmjpg.com/mm/1079/26,http://www.mmjpg.com/mm/1079/27,http://www.mmjpg.com/mm/1079/28,http://www.mmjpg.com/mm/1079/29,http://www.mmjpg.com/mm/1079/30,http://www.mmjpg.com/mm/1079/31,http://www.mmjpg.com/mm/1079/32,http://www.mmjpg.com/mm/1079/33,http://www.mmjpg.com/mm/1079/34,http://www.mmjpg.com/mm/1079/35,http://www.mmjpg.com/mm/1079/36,http://www.mmjpg.com/mm/1079/37,http://www.mmjpg.com/mm/1079/38,http://www.mmjpg.com/mm/1079/39,http://www.mmjpg.com/mm/1079/40,http://www.mmjpg.com/mm/1079/41,http://www.mmjpg.com/mm/1079/42,http://www.mmjpg.com/mm/1079/43,http://www.mmjpg.com/mm/1079/44,http://www.mmjpg.com/mm/1079/45",妖娆妩媚女王周妍希蕾丝透视装写真图,45,1498963,2017年08月17日
2017年08月22日 00:22:44,http://www.mmjpg.com/mm/1080,,"http://www.mmjpg.com/mm/1080/1,http://www.mmjpg.com/mm/1080/2,http://www.mmjpg.com/mm/1080/3,http://www.mmjpg.com/mm/1080/4,http://www.mmjpg.com/mm/1080/5,http://www.mmjpg.com/mm/1080/6,http://www.mmjpg.com/mm/1080/7,http://www.mmjpg.com/mm/1080/8,http://www.mmjpg.com/mm/1080/9,http://www.mmjpg.com/mm/1080/10,http://www.mmjpg.com/mm/1080/11,http://www.mmjpg.com/mm/1080/12,http://www.mmjpg.com/mm/1080/13,http://www.mmjpg.com/mm/1080/14,http://www.mmjpg.com/mm/1080/15,http://www.mmjpg.com/mm/1080/16,http://www.mmjpg.com/mm/1080/17,http://www.mmjpg.com/mm/1080/18,http://www.mmjpg.com/mm/1080/19,http://www.mmjpg.com/mm/1080/20,http://www.mmjpg.com/mm/1080/21,http://www.mmjpg.com/mm/1080/22,http://www.mmjpg.com/mm/1080/23,http://www.mmjpg.com/mm/1080/24,http://www.mmjpg.com/mm/1080/25,http://www.mmjpg.com/mm/1080/26,http://www.mmjpg.com/mm/1080/27,http://www.mmjpg.com/mm/1080/28,http://www.mmjpg.com/mm/1080/29,http://www.mmjpg.com/mm/1080/30,http://www.mmjpg.com/mm/1080/31,http://www.mmjpg.com/mm/1080/32,http://www.mmjpg.com/mm/1080/33,http://www.mmjpg.com/mm/1080/34,http://www.mmjpg.com/mm/1080/35,http://www.mmjpg.com/mm/1080/36,http://www.mmjpg.com/mm/1080/37,http://www.mmjpg.com/mm/1080/38,http://www.mmjpg.com/mm/1080/39,http://www.mmjpg.com/mm/1080/40,http://www.mmjpg.com/mm/1080/41",丰满美女雪千寻丰乳肥臀让人欲火焚身,41,1828271,2017年08月18日
